file,ground_truth,predicted,max_confidence,best_class,detections
D:\研究生课程\课题\添加按键拍照功能\纱浆检测\YarnDection\bin\x64\Release\testImages\192.168.1.168_02_20240331152950999.jpg,,False,0.0,,[]
D:\研究生课程\课题\添加按键拍照功能\纱浆检测\YarnDection\bin\x64\Release\testImages\2024-04-01-21-51-38.jpg,,True,0.8327283263206482,hand,"[{""class"": ""hand"", ""confidence"": 0.8327283263206482, ""xyxy"": [405.48321533203125, 1.0120391845703125, 630.73486328125, 210.88751220703125]}, {""class"": ""hand"", ""confidence"": 0.02605472318828106, ""xyxy"": [550.0648803710938, 4.0539398193359375, 636.5924682617188, 52.451446533203125]}, {""class"": ""hand"", ""confidence"": 0.012364166788756847, ""xyxy"": [473.15606689453125, 0.0, 650.5269775390625, 70.4898681640625]}]"
D:\研究生课程\课题\添加按键拍照功能\纱浆检测\YarnDection\bin\x64\Release\testImages\2024-04-03-00-22-05.jpg,,False,0.0,,[]
D:\研究生课程\课题\添加按键拍照功能\纱浆检测\YarnDection\bin\x64\Release\testImages\2024-11-15-17-11-46-60-0.jpg,,False,0.0,,[]
D:\研究生课程\课题\添加按键拍照功能\纱浆检测\YarnDection\bin\x64\Release\testImages\2024-11-15-17-48-03-50-2.jpg,,False,0.0,,[]
D:\研究生课程\课题\色纱研究\CrossFrame-Yarn-Anomaly\assets\fig17_Cam5人手入侵.jpg,,False,0.0,,[]
D:\研究生课程\课题\误报照片收集\DI2_Cam1_2026-03-30_17-14-58-124.jpg,,False,0.0,,[]
D:\研究生课程\课题\误报照片收集\DI2_Cam1_2026-05-07_14-27-24-839.jpg,,False,0.0,,[]
D:\研究生课程\课题\误报照片收集\DI2_Cam2_2026-03-30_17-14-58-167.jpg,,False,0.0,,[]
D:\研究生课程\课题\误报照片收集\DI2_Cam2_2026-05-07_14-27-24-825.jpg,,False,0.0,,[]
D:\研究生课程\课题\误报照片收集\DI2_Cam3_2026-03-30_17-14-58-212.jpg,,False,0.0,,[]
D:\研究生课程\课题\误报照片收集\DI2_Cam3_2026-05-07_14-27-24-886.jpg,,False,0.0,,[]
D:\研究生课程\课题\误报照片收集\DI2_Cam4_2026-03-30_17-14-58-164.jpg,,False,0.0,,[]
D:\研究生课程\课题\误报照片收集\DI2_Cam4_2026-05-07_14-27-24-870.jpg,,False,0.0,,[]
D:\研究生课程\课题\误报照片收集\DI2_Cam5_2026-03-30_17-14-58-127.jpg,,False,0.0,,[]
D:\研究生课程\课题\误报照片收集\DI2_Cam5_2026-05-07_14-27-24-781.jpg,,False,0.0,,[]
D:\研究生课程\课题\误报照片收集\DI2_Cam6_2026-03-30_17-14-58-177.jpg,,True,0.021615762263536453,hand,"[{""class"": ""hand"", ""confidence"": 0.021615762263536453, ""xyxy"": [0.4682135581970215, 729.5780639648438, 52.91727066040039, 827.1047973632812]}, {""class"": ""hand"", ""confidence"": 0.01946929655969143, ""xyxy"": [109.71539306640625, 484.0514221191406, 215.31936645507812, 579.961669921875]}]"
D:\研究生课程\课题\误报照片收集\DI2_Cam6_2026-05-07_14-27-24-809.jpg,,False,0.0,,[]
D:\研究生课程\课题\误报照片收集\视频流白纱\2026-05-05-03-18-59-27-4.jpg,,True,0.017755798995494843,hand,"[{""class"": ""hand"", ""confidence"": 0.017755798995494843, ""xyxy"": [1608.5833740234375, 387.72735595703125, 1667.3822021484375, 509.02685546875]}, {""class"": ""hand"", ""confidence"": 0.011883449740707874, ""xyxy"": [2204.80712890625, 748.3870849609375, 2240.0, 884.3505859375]}, {""class"": ""hand"", ""confidence"": 0.011143580079078674, ""xyxy"": [2220.411376953125, 0.0, 2240.0, 67.55123901367188]}]"
D:\研究生课程\课题\误报照片收集\视频流白纱\2026-05-05-03-19-00-45-4.jpg,,True,0.013336123898625374,hand,"[{""class"": ""hand"", ""confidence"": 0.013336123898625374, ""xyxy"": [2219.378173828125, 0.0, 2240.0, 69.0440902709961]}, {""class"": ""hand"", ""confidence"": 0.010610549710690975, ""xyxy"": [1608.478515625, 385.0817565917969, 1665.818115234375, 504.7681579589844]}, {""class"": ""hand"", ""confidence"": 0.010315334424376488, ""xyxy"": [2204.12548828125, 744.6317138671875, 2240.0, 882.7521362304688]}]"
D:\研究生课程\课题\误报照片收集\视频流白纱\2026-05-06-08-07-19-04-3.jpg,,False,0.0,,[]
D:\研究生课程\课题\误报照片收集\视频流白纱\2026-05-06-08-07-19-62-3.jpg,,False,0.0,,[]
D:\研究生课程\课题\误报照片收集\视频流白纱\2026-05-06-08-07-20-18-3.jpg,,False,0.0,,[]
D:\研究生课程\课题\误报照片收集\视频流白纱\2026-05-06-17-41-18-45-1.jpg,,False,0.0,,[]
D:\研究生课程\课题\误报照片收集\视频流白纱\2026-05-06-17-41-19-03-1.jpg,,False,0.0,,[]
D:\研究生课程\课题\误报照片收集\视频流白纱\2026-05-06-17-41-19-64-1.jpg,,False,0.0,,[]
D:\研究生课程\课题\误报照片收集\视频流白纱\摄像头1\2026-05-05-12-25-18-00-0.jpg,,True,0.1228991374373436,hand,"[{""class"": ""hand"", ""confidence"": 0.1228991374373436, ""xyxy"": [1108.317626953125, 474.3643798828125, 1191.5716552734375, 559.8875122070312]}, {""class"": ""hand"", ""confidence"": 0.028749439865350723, ""xyxy"": [2015.77880859375, 493.0282897949219, 2052.984130859375, 534.266845703125]}]"
D:\研究生课程\课题\误报照片收集\视频流白纱\摄像头1\2026-05-05-12-25-19-03-0.jpg,,True,0.22297866642475128,hand,"[{""class"": ""hand"", ""confidence"": 0.22297866642475128, ""xyxy"": [1108.1883544921875, 474.51165771484375, 1190.743408203125, 559.8564453125]}, {""class"": ""hand"", ""confidence"": 0.03142085671424866, ""xyxy"": [2015.794677734375, 493.0082092285156, 2052.870849609375, 534.0384521484375]}]"
D:\研究生课程\课题\误报照片收集\视频流白纱\摄像头1\2026-05-05-12-25-19-66-0.jpg,,True,0.28752613067626953,hand,"[{""class"": ""hand"", ""confidence"": 0.28752613067626953, ""xyxy"": [1107.0546875, 475.130859375, 1187.8173828125, 558.6705932617188]}, {""class"": ""hand"", ""confidence"": 0.1343880593776703, ""xyxy"": [2016.8099365234375, 493.5606384277344, 2051.94287109375, 534.4981689453125]}]"
D:\研究生课程\课题\误报照片收集\视频流白纱\摄像头1\2026-05-06-07-41-05-17-0.jpg,,True,0.16460762917995453,hand,"[{""class"": ""hand"", ""confidence"": 0.16460762917995453, ""xyxy"": [931.41943359375, 562.7220458984375, 997.733642578125, 611.1466674804688]}, {""class"": ""hand"", ""confidence"": 0.03159669414162636, ""xyxy"": [2199.655029296875, 547.5033569335938, 2239.984375, 589.0010986328125]}, {""class"": ""hand"", ""confidence"": 0.019082993268966675, ""xyxy"": [1997.5325927734375, 490.7781982421875, 2030.89794921875, 527.6193237304688]}, {""class"": ""hand"", ""confidence"": 0.015436967834830284, ""xyxy"": [169.97523498535156, 619.2753295898438, 237.97291564941406, 675.0978393554688]}]"
D:\研究生课程\课题\误报照片收集\视频流白纱\摄像头1\2026-05-06-07-41-06-05-0.jpg,,True,0.14405658841133118,hand,"[{""class"": ""hand"", ""confidence"": 0.14405658841133118, ""xyxy"": [929.611083984375, 560.0015869140625, 997.8516845703125, 613.9140625]}, {""class"": ""hand"", ""confidence"": 0.034082554280757904, ""xyxy"": [2200.160888671875, 547.4764404296875, 2240.0, 589.02001953125]}, {""class"": ""hand"", ""confidence"": 0.019792508333921432, ""xyxy"": [1997.3487548828125, 490.5776062011719, 2030.892822265625, 527.6535034179688]}]"
D:\研究生课程\课题\误报照片收集\视频流白纱\摄像头1\2026-05-06-07-41-07-08-0.jpg,,True,0.2848842144012451,hand,"[{""class"": ""hand"", ""confidence"": 0.2848842144012451, ""xyxy"": [927.4421997070312, 561.1931762695312, 997.2152099609375, 612.5077514648438]}, {""class"": ""hand"", ""confidence"": 0.022061089053750038, ""xyxy"": [2199.632568359375, 547.51904296875, 2239.766357421875, 590.2196044921875]}, {""class"": ""hand"", ""confidence"": 0.01854458637535572, ""xyxy"": [1994.455810546875, 489.47509765625, 2031.0189208984375, 527.8654174804688]}]"
D:\研究生课程\课题\误报照片收集\视频流白纱\摄像头3\2026-05-06-11-59-07-74-2.jpg,,True,0.029134629294276237,hand,"[{""class"": ""hand"", ""confidence"": 0.029134629294276237, ""xyxy"": [1541.998291015625, 727.1723022460938, 1608.5791015625, 788.8467407226562]}]"
D:\研究生课程\课题\误报照片收集\视频流白纱\摄像头3\2026-05-06-11-59-08-57-2.jpg,,False,0.0,,[]
D:\研究生课程\课题\误报照片收集\视频流白纱\摄像头3\2026-05-06-11-59-09-16-2.jpg,,False,0.0,,[]
D:\研究生课程\课题\误报照片收集\视频流白纱\摄像头5\2026-05-03-08-48-06-37-4.jpg,,True,0.07275258749723434,hand,"[{""class"": ""hand"", ""confidence"": 0.07275258749723434, ""xyxy"": [1914.5601806640625, 466.60845947265625, 1981.9468994140625, 506.9007568359375]}, {""class"": ""hand"", ""confidence"": 0.044864051043987274, ""xyxy"": [372.54827880859375, 485.0700988769531, 431.0890197753906, 542.9808349609375]}, {""class"": ""hand"", ""confidence"": 0.014591459184885025, ""xyxy"": [1176.72216796875, 445.75384521484375, 1241.5986328125, 479.4159240722656]}]"
D:\研究生课程\课题\误报照片收集\视频流白纱\摄像头5\2026-05-03-08-48-07-54-4.jpg,,True,0.06239647790789604,hand,"[{""class"": ""hand"", ""confidence"": 0.06239647790789604, ""xyxy"": [1914.568115234375, 466.2580261230469, 1981.6578369140625, 505.760009765625]}, {""class"": ""hand"", ""confidence"": 0.05237645283341408, ""xyxy"": [372.0355529785156, 483.98040771484375, 430.9872131347656, 542.8311767578125]}, {""class"": ""hand"", ""confidence"": 0.01628139428794384, ""xyxy"": [1176.283447265625, 445.5945739746094, 1241.2799072265625, 478.9327087402344]}]"
D:\研究生课程\课题\误报照片收集\视频流白纱\摄像头5\2026-05-03-08-48-08-52-4.jpg,,True,0.14142094552516937,hand,"[{""class"": ""hand"", ""confidence"": 0.14142094552516937, ""xyxy"": [1915.765380859375, 466.9566650390625, 1985.9576416015625, 508.30352783203125]}, {""class"": ""hand"", ""confidence"": 0.02517278864979744, ""xyxy"": [370.99273681640625, 483.72265625, 430.5273132324219, 541.1040649414062]}]"
