"file","hand_intrusion"
"D:\研究生课程\课题\色纱研究\现场黑纱样本\黑纱样本以及现场版本\DI2_Cam1_2026-07-18_10-10-14-549.jpg","False"
"D:\研究生课程\课题\色纱研究\现场黑纱样本\黑纱样本以及现场版本\DI2_Cam1_2026-07-18_10-11-40-176.jpg","False"
"D:\研究生课程\课题\色纱研究\现场黑纱样本\黑纱样本以及现场版本\DI2_Cam1_2026-07-18_10-11-45-636.jpg","False"
"D:\研究生课程\课题\色纱研究\现场黑纱样本\黑纱样本以及现场版本\DI2_Cam1_2026-07-18_10-11-55-175.jpg","False"
"D:\研究生课程\课题\色纱研究\现场黑纱样本\黑纱样本以及现场版本\DI2_Cam1_2026-07-18_10-11-56-690.jpg","False"
"D:\研究生课程\课题\色纱研究\现场黑纱样本\黑纱样本以及现场版本\DI2_Cam1_2026-07-18_10-14-15-404.jpg","False"
"D:\研究生课程\课题\色纱研究\现场黑纱样本\黑纱样本以及现场版本\DI2_Cam1_2026-07-18_10-14-40-482.jpg","False"
"D:\研究生课程\课题\色纱研究\现场黑纱样本\黑纱样本以及现场版本\DI2_Cam1_2026-07-18_10-14-54-478.jpg","False"
"D:\研究生课程\课题\色纱研究\现场黑纱样本\黑纱样本以及现场版本\DI2_Cam1_2026-07-18_10-17-33-756.jpg","False"
"D:\研究生课程\课题\色纱研究\现场黑纱样本\黑纱样本以及现场版本\DI2_Cam1_2026-07-18_10-17-44-354.jpg","False"
"D:\研究生课程\课题\色纱研究\现场黑纱样本\黑纱样本以及现场版本\DI2_Cam1_2026-07-18_10-17-49-889.jpg","False"
"D:\研究生课程\课题\色纱研究\现场黑纱样本\黑纱样本以及现场版本\DI2_Cam1_2026-07-18_10-18-02-377.jpg","False"
"D:\研究生课程\课题\色纱研究\现场黑纱样本\黑纱样本以及现场版本\DI2_Cam1_2026-07-18_10-18-03-404.jpg","False"
"D:\研究生课程\课题\色纱研究\现场黑纱样本\黑纱样本以及现场版本\DI2_Cam2_2026-07-18_10-10-14-552.jpg","False"
"D:\研究生课程\课题\色纱研究\现场黑纱样本\黑纱样本以及现场版本\DI2_Cam2_2026-07-18_10-11-40-181.jpg","False"
"D:\研究生课程\课题\色纱研究\现场黑纱样本\黑纱样本以及现场版本\DI2_Cam2_2026-07-18_10-11-45-634.jpg","False"
"D:\研究生课程\课题\色纱研究\现场黑纱样本\黑纱样本以及现场版本\DI2_Cam2_2026-07-18_10-11-55-176.jpg","False"
"D:\研究生课程\课题\色纱研究\现场黑纱样本\黑纱样本以及现场版本\DI2_Cam2_2026-07-18_10-11-56-689.jpg","False"
"D:\研究生课程\课题\色纱研究\现场黑纱样本\黑纱样本以及现场版本\DI2_Cam2_2026-07-18_10-14-15-408.jpg","False"
"D:\研究生课程\课题\色纱研究\现场黑纱样本\黑纱样本以及现场版本\DI2_Cam2_2026-07-18_10-14-40-480.jpg","False"
"D:\研究生课程\课题\色纱研究\现场黑纱样本\黑纱样本以及现场版本\DI2_Cam2_2026-07-18_10-14-54-481.jpg","False"
"D:\研究生课程\课题\色纱研究\现场黑纱样本\黑纱样本以及现场版本\DI2_Cam2_2026-07-18_10-17-33-758.jpg","False"
"D:\研究生课程\课题\色纱研究\现场黑纱样本\黑纱样本以及现场版本\DI2_Cam2_2026-07-18_10-17-44-355.jpg","False"
"D:\研究生课程\课题\色纱研究\现场黑纱样本\黑纱样本以及现场版本\DI2_Cam2_2026-07-18_10-17-49-889.jpg","False"
"D:\研究生课程\课题\色纱研究\现场黑纱样本\黑纱样本以及现场版本\DI2_Cam2_2026-07-18_10-18-02-517.jpg","False"
"D:\研究生课程\课题\色纱研究\现场黑纱样本\黑纱样本以及现场版本\DI2_Cam2_2026-07-18_10-18-03-407.jpg","False"
"D:\研究生课程\课题\色纱研究\现场黑纱样本\黑纱样本以及现场版本\DI2_Cam3_2026-07-18_10-10-14-550.jpg","False"
"D:\研究生课程\课题\色纱研究\现场黑纱样本\黑纱样本以及现场版本\DI2_Cam3_2026-07-18_10-11-40-175.jpg","False"
"D:\研究生课程\课题\色纱研究\现场黑纱样本\黑纱样本以及现场版本\DI2_Cam3_2026-07-18_10-11-45-637.jpg","False"
"D:\研究生课程\课题\色纱研究\现场黑纱样本\黑纱样本以及现场版本\DI2_Cam3_2026-07-18_10-11-55-177.jpg","False"
"D:\研究生课程\课题\色纱研究\现场黑纱样本\黑纱样本以及现场版本\DI2_Cam3_2026-07-18_10-11-56-691.jpg","False"
"D:\研究生课程\课题\色纱研究\现场黑纱样本\黑纱样本以及现场版本\DI2_Cam3_2026-07-18_10-14-15-409.jpg","True"
"D:\研究生课程\课题\色纱研究\现场黑纱样本\黑纱样本以及现场版本\DI2_Cam3_2026-07-18_10-14-40-488.jpg","False"
"D:\研究生课程\课题\色纱研究\现场黑纱样本\黑纱样本以及现场版本\DI2_Cam3_2026-07-18_10-14-54-482.jpg","False"
"D:\研究生课程\课题\色纱研究\现场黑纱样本\黑纱样本以及现场版本\DI2_Cam3_2026-07-18_10-17-33-757.jpg","False"
"D:\研究生课程\课题\色纱研究\现场黑纱样本\黑纱样本以及现场版本\DI2_Cam3_2026-07-18_10-17-44-358.jpg","False"
"D:\研究生课程\课题\色纱研究\现场黑纱样本\黑纱样本以及现场版本\DI2_Cam3_2026-07-18_10-17-49-891.jpg","False"
"D:\研究生课程\课题\色纱研究\现场黑纱样本\黑纱样本以及现场版本\DI2_Cam3_2026-07-18_10-18-02-520 - 副本.jpg","False"
"D:\研究生课程\课题\色纱研究\现场黑纱样本\黑纱样本以及现场版本\DI2_Cam3_2026-07-18_10-18-02-520.jpg","False"
"D:\研究生课程\课题\色纱研究\现场黑纱样本\黑纱样本以及现场版本\DI2_Cam3_2026-07-18_10-18-03-405.jpg","False"
"D:\研究生课程\课题\色纱研究\现场黑纱样本\黑纱样本以及现场版本\DI2_Cam4_2026-07-18_10-10-14-561.jpg","False"
"D:\研究生课程\课题\色纱研究\现场黑纱样本\黑纱样本以及现场版本\DI2_Cam4_2026-07-18_10-11-40-179.jpg","False"
"D:\研究生课程\课题\色纱研究\现场黑纱样本\黑纱样本以及现场版本\DI2_Cam4_2026-07-18_10-11-45-648.jpg","False"
"D:\研究生课程\课题\色纱研究\现场黑纱样本\黑纱样本以及现场版本\DI2_Cam4_2026-07-18_10-11-55-179.jpg","False"
"D:\研究生课程\课题\色纱研究\现场黑纱样本\黑纱样本以及现场版本\DI2_Cam4_2026-07-18_10-11-56-694.jpg","False"
"D:\研究生课程\课题\色纱研究\现场黑纱样本\黑纱样本以及现场版本\DI2_Cam4_2026-07-18_10-14-15-405.jpg","True"
"D:\研究生课程\课题\色纱研究\现场黑纱样本\黑纱样本以及现场版本\DI2_Cam4_2026-07-18_10-14-40-475.jpg","False"
"D:\研究生课程\课题\色纱研究\现场黑纱样本\黑纱样本以及现场版本\DI2_Cam4_2026-07-18_10-14-54-483.jpg","False"
"D:\研究生课程\课题\色纱研究\现场黑纱样本\黑纱样本以及现场版本\DI2_Cam4_2026-07-18_10-17-33-777.jpg","False"
"D:\研究生课程\课题\色纱研究\现场黑纱样本\黑纱样本以及现场版本\DI2_Cam4_2026-07-18_10-17-44-356.jpg","False"
"D:\研究生课程\课题\色纱研究\现场黑纱样本\黑纱样本以及现场版本\DI2_Cam4_2026-07-18_10-17-49-893.jpg","False"
"D:\研究生课程\课题\色纱研究\现场黑纱样本\黑纱样本以及现场版本\DI2_Cam4_2026-07-18_10-18-02-471.jpg","False"
"D:\研究生课程\课题\色纱研究\现场黑纱样本\黑纱样本以及现场版本\DI2_Cam4_2026-07-18_10-18-03-403.jpg","False"
"D:\研究生课程\课题\色纱研究\现场黑纱样本\黑纱样本以及现场版本\DI2_Cam5_2026-07-18_10-10-14-548.jpg","False"
"D:\研究生课程\课题\色纱研究\现场黑纱样本\黑纱样本以及现场版本\DI2_Cam5_2026-07-18_10-11-40-175.jpg","False"
"D:\研究生课程\课题\色纱研究\现场黑纱样本\黑纱样本以及现场版本\DI2_Cam5_2026-07-18_10-11-45-633.jpg","False"
"D:\研究生课程\课题\色纱研究\现场黑纱样本\黑纱样本以及现场版本\DI2_Cam5_2026-07-18_10-11-55-176.jpg","False"
"D:\研究生课程\课题\色纱研究\现场黑纱样本\黑纱样本以及现场版本\DI2_Cam5_2026-07-18_10-11-56-689.jpg","False"
"D:\研究生课程\课题\色纱研究\现场黑纱样本\黑纱样本以及现场版本\DI2_Cam5_2026-07-18_10-14-15-402.jpg","True"
"D:\研究生课程\课题\色纱研究\现场黑纱样本\黑纱样本以及现场版本\DI2_Cam5_2026-07-18_10-14-40-474.jpg","False"
"D:\研究生课程\课题\色纱研究\现场黑纱样本\黑纱样本以及现场版本\DI2_Cam5_2026-07-18_10-14-54-477.jpg","False"
"D:\研究生课程\课题\色纱研究\现场黑纱样本\黑纱样本以及现场版本\DI2_Cam5_2026-07-18_10-17-33-755.jpg","False"
"D:\研究生课程\课题\色纱研究\现场黑纱样本\黑纱样本以及现场版本\DI2_Cam5_2026-07-18_10-17-44-353.jpg","False"
"D:\研究生课程\课题\色纱研究\现场黑纱样本\黑纱样本以及现场版本\DI2_Cam5_2026-07-18_10-17-49-885.jpg","False"
"D:\研究生课程\课题\色纱研究\现场黑纱样本\黑纱样本以及现场版本\DI2_Cam5_2026-07-18_10-18-02-459.jpg","False"
"D:\研究生课程\课题\色纱研究\现场黑纱样本\黑纱样本以及现场版本\DI2_Cam5_2026-07-18_10-18-03-402.jpg","False"
"D:\研究生课程\课题\色纱研究\现场黑纱样本\黑纱样本以及现场版本\DI2_Cam6_2026-07-18_10-10-14-550.jpg","False"
"D:\研究生课程\课题\色纱研究\现场黑纱样本\黑纱样本以及现场版本\DI2_Cam6_2026-07-18_10-11-40-177.jpg","False"
"D:\研究生课程\课题\色纱研究\现场黑纱样本\黑纱样本以及现场版本\DI2_Cam6_2026-07-18_10-11-45-648.jpg","False"
"D:\研究生课程\课题\色纱研究\现场黑纱样本\黑纱样本以及现场版本\DI2_Cam6_2026-07-18_10-11-55-178.jpg","False"
"D:\研究生课程\课题\色纱研究\现场黑纱样本\黑纱样本以及现场版本\DI2_Cam6_2026-07-18_10-11-56-719.jpg","False"
"D:\研究生课程\课题\色纱研究\现场黑纱样本\黑纱样本以及现场版本\DI2_Cam6_2026-07-18_10-14-15-407.jpg","True"
"D:\研究生课程\课题\色纱研究\现场黑纱样本\黑纱样本以及现场版本\DI2_Cam6_2026-07-18_10-14-40-478.jpg","False"
"D:\研究生课程\课题\色纱研究\现场黑纱样本\黑纱样本以及现场版本\DI2_Cam6_2026-07-18_10-14-54-492.jpg","False"
"D:\研究生课程\课题\色纱研究\现场黑纱样本\黑纱样本以及现场版本\DI2_Cam6_2026-07-18_10-17-33-774.jpg","False"
"D:\研究生课程\课题\色纱研究\现场黑纱样本\黑纱样本以及现场版本\DI2_Cam6_2026-07-18_10-17-44-376.jpg","False"
"D:\研究生课程\课题\色纱研究\现场黑纱样本\黑纱样本以及现场版本\DI2_Cam6_2026-07-18_10-17-49-886.jpg","False"
"D:\研究生课程\课题\色纱研究\现场黑纱样本\黑纱样本以及现场版本\DI2_Cam6_2026-07-18_10-18-02-458.jpg","False"
"D:\研究生课程\课题\色纱研究\现场黑纱样本\黑纱样本以及现场版本\DI2_Cam6_2026-07-18_10-18-03-408 - 副本.jpg","False"
"D:\研究生课程\课题\色纱研究\现场黑纱样本\黑纱样本以及现场版本\DI2_Cam6_2026-07-18_10-18-03-408.jpg","False"
"D:\研究生课程\课题\色纱研究\F2标注\images\2026-06-16-15-27-31-15-0.jpg","False"
"D:\研究生课程\课题\色纱研究\F2标注\images\2026-06-16-15-27-31-15-1.jpg","False"
"D:\研究生课程\课题\色纱研究\F2标注\images\2026-06-16-15-27-31-15-2.jpg","False"
"D:\研究生课程\课题\色纱研究\F2标注\images\2026-06-16-15-27-31-15-3.jpg","False"
"D:\研究生课程\课题\色纱研究\F2标注\images\2026-06-16-15-27-31-15-4.jpg","False"
"D:\研究生课程\课题\色纱研究\F2标注\images\2026-06-16-15-27-31-15-5.jpg","False"
"D:\研究生课程\课题\色纱研究\F2标注\images\2026-06-16-15-27-31-91-0.jpg","False"
"D:\研究生课程\课题\色纱研究\F2标注\images\2026-06-16-15-27-31-91-1.jpg","False"
"D:\研究生课程\课题\色纱研究\F2标注\images\2026-06-16-15-27-31-91-2.jpg","False"
"D:\研究生课程\课题\色纱研究\F2标注\images\2026-06-16-15-27-31-91-3.jpg","False"
"D:\研究生课程\课题\色纱研究\F2标注\images\2026-06-16-15-27-31-91-4.jpg","False"
"D:\研究生课程\课题\色纱研究\F2标注\images\2026-06-16-15-27-31-91-5.jpg","False"
"D:\研究生课程\课题\色纱研究\F2标注\images\2026-06-16-15-27-32-68-0.jpg","False"
"D:\研究生课程\课题\色纱研究\F2标注\images\2026-06-16-15-27-32-68-1.jpg","False"
"D:\研究生课程\课题\色纱研究\F2标注\images\2026-06-16-15-27-32-68-2.jpg","False"
"D:\研究生课程\课题\色纱研究\F2标注\images\2026-06-16-15-27-32-68-3.jpg","False"
"D:\研究生课程\课题\色纱研究\F2标注\images\2026-06-16-15-27-32-68-4.jpg","False"
"D:\研究生课程\课题\色纱研究\F2标注\images\2026-06-16-15-27-32-68-5.jpg","False"
"D:\研究生课程\课题\色纱研究\F2标注\images\2026-06-16-15-30-06-86-0.jpg","False"
"D:\研究生课程\课题\色纱研究\F2标注\images\2026-06-16-15-30-06-86-1.jpg","False"
"D:\研究生课程\课题\色纱研究\F2标注\images\2026-06-16-15-30-06-86-2.jpg","False"
"D:\研究生课程\课题\色纱研究\F2标注\images\2026-06-16-15-30-06-86-3.jpg","False"
"D:\研究生课程\课题\色纱研究\F2标注\images\2026-06-16-15-30-06-86-4.jpg","False"
"D:\研究生课程\课题\色纱研究\F2标注\images\2026-06-16-15-30-06-86-5.jpg","False"
"D:\研究生课程\课题\色纱研究\F2标注\images\2026-06-16-15-30-07-67-0.jpg","False"
"D:\研究生课程\课题\色纱研究\F2标注\images\2026-06-16-15-30-07-67-1.jpg","False"
"D:\研究生课程\课题\色纱研究\F2标注\images\2026-06-16-15-30-07-67-2.jpg","False"
"D:\研究生课程\课题\色纱研究\F2标注\images\2026-06-16-15-30-07-67-3.jpg","False"
"D:\研究生课程\课题\色纱研究\F2标注\images\2026-06-16-15-30-07-67-4.jpg","False"
"D:\研究生课程\课题\色纱研究\F2标注\images\2026-06-16-15-30-07-67-5.jpg","False"
"D:\研究生课程\课题\色纱研究\F2标注\images\2026-06-16-15-30-08-47-0.jpg","False"
"D:\研究生课程\课题\色纱研究\F2标注\images\2026-06-16-15-30-08-47-1.jpg","False"
"D:\研究生课程\课题\色纱研究\F2标注\images\2026-06-16-15-30-08-47-2.jpg","False"
"D:\研究生课程\课题\色纱研究\F2标注\images\2026-06-16-15-30-08-47-3.jpg","False"
"D:\研究生课程\课题\色纱研究\F2标注\images\2026-06-16-15-30-08-47-4.jpg","False"
"D:\研究生课程\课题\色纱研究\F2标注\images\2026-06-16-15-30-08-47-5.jpg","False"
"D:\研究生课程\课题\色纱研究\F2标注\images\2026-06-16-15-30-31-11-0.jpg","False"
"D:\研究生课程\课题\色纱研究\F2标注\images\2026-06-16-15-30-31-11-1.jpg","False"
"D:\研究生课程\课题\色纱研究\F2标注\images\2026-06-16-15-30-31-11-2.jpg","False"
"D:\研究生课程\课题\色纱研究\F2标注\images\2026-06-16-15-30-31-11-3.jpg","False"
"D:\研究生课程\课题\色纱研究\F2标注\images\2026-06-16-15-30-31-11-4.jpg","False"
"D:\研究生课程\课题\色纱研究\F2标注\images\2026-06-16-15-30-31-11-5.jpg","False"
"D:\研究生课程\课题\色纱研究\F2标注\images\2026-06-16-15-30-31-86-0.jpg","False"
"D:\研究生课程\课题\色纱研究\F2标注\images\2026-06-16-15-30-31-86-1.jpg","False"
"D:\研究生课程\课题\色纱研究\F2标注\images\2026-06-16-15-30-31-86-2.jpg","False"
"D:\研究生课程\课题\色纱研究\F2标注\images\2026-06-16-15-30-31-86-3.jpg","False"
"D:\研究生课程\课题\色纱研究\F2标注\images\2026-06-16-15-30-31-86-4.jpg","False"
"D:\研究生课程\课题\色纱研究\F2标注\images\2026-06-16-15-30-31-86-5.jpg","False"
"D:\研究生课程\课题\色纱研究\F2标注\images\2026-06-16-15-30-32-64-0.jpg","False"
"D:\研究生课程\课题\色纱研究\F2标注\images\2026-06-16-15-30-32-64-1.jpg","False"
"D:\研究生课程\课题\色纱研究\F2标注\images\2026-06-16-15-30-32-64-2.jpg","False"
"D:\研究生课程\课题\色纱研究\F2标注\images\2026-06-16-15-30-32-64-3.jpg","False"
"D:\研究生课程\课题\色纱研究\F2标注\images\2026-06-16-15-30-32-64-4.jpg","False"
"D:\研究生课程\课题\色纱研究\F2标注\images\2026-06-16-15-30-32-64-5.jpg","False"
"D:\研究生课程\课题\色纱研究\F2标注\images\2026-06-16-15-59-22-98-0.jpg","False"
"D:\研究生课程\课题\色纱研究\F2标注\images\2026-06-16-15-59-22-98-1.jpg","False"
"D:\研究生课程\课题\色纱研究\F2标注\images\2026-06-16-15-59-22-98-2.jpg","False"
"D:\研究生课程\课题\色纱研究\F2标注\images\2026-06-16-15-59-22-98-3.jpg","False"
"D:\研究生课程\课题\色纱研究\F2标注\images\2026-06-16-15-59-22-98-4.jpg","False"
"D:\研究生课程\课题\色纱研究\F2标注\images\2026-06-16-15-59-22-98-5.jpg","False"
"D:\研究生课程\课题\色纱研究\F2标注\images\2026-06-16-15-59-23-82-1.jpg","False"
"D:\研究生课程\课题\色纱研究\F2标注\images\2026-06-16-15-59-23-82-3.jpg","False"
"D:\研究生课程\课题\色纱研究\F2标注\images\2026-06-16-15-59-23-82-5.jpg","False"
"D:\研究生课程\课题\色纱研究\F2标注\images\2026-06-16-15-59-24-67-0.jpg","False"
"D:\研究生课程\课题\色纱研究\F2标注\images\2026-06-16-15-59-24-67-1.jpg","False"
"D:\研究生课程\课题\色纱研究\F2标注\images\2026-06-16-15-59-24-67-2.jpg","False"
"D:\研究生课程\课题\色纱研究\F2标注\images\2026-06-16-15-59-24-67-3.jpg","False"
"D:\研究生课程\课题\色纱研究\F2标注\images\2026-06-16-15-59-24-67-4.jpg","False"
"D:\研究生课程\课题\色纱研究\F2标注\images\2026-06-16-15-59-24-67-5.jpg","False"
"D:\研究生课程\课题\添加按键拍照功能\纱浆检测\YarnDection\bin\x64\Release\testImages\192.168.1.168_02_20240331152950999.jpg","False"
"D:\研究生课程\课题\添加按键拍照功能\纱浆检测\YarnDection\bin\x64\Release\testImages\2024-04-01-21-51-38.jpg","True"
"D:\研究生课程\课题\添加按键拍照功能\纱浆检测\YarnDection\bin\x64\Release\testImages\2024-04-03-00-22-05.jpg","False"
"D:\研究生课程\课题\添加按键拍照功能\纱浆检测\YarnDection\bin\x64\Release\testImages\2024-11-15-17-11-46-60-0.jpg","False"
"D:\研究生课程\课题\添加按键拍照功能\纱浆检测\YarnDection\bin\x64\Release\testImages\2024-11-15-17-48-03-50-2.jpg","False"
"D:\研究生课程\课题\误报照片收集\视频流白纱\2026-05-05-03-18-59-27-4.jpg","False"
"D:\研究生课程\课题\误报照片收集\视频流白纱\2026-05-05-03-19-00-45-4.jpg","False"
"D:\研究生课程\课题\误报照片收集\视频流白纱\2026-05-06-08-07-19-04-3.jpg","False"
"D:\研究生课程\课题\误报照片收集\视频流白纱\2026-05-06-08-07-19-62-3.jpg","False"
"D:\研究生课程\课题\误报照片收集\视频流白纱\2026-05-06-08-07-20-18-3.jpg","False"
"D:\研究生课程\课题\误报照片收集\视频流白纱\2026-05-06-17-41-18-45-1.jpg","False"
"D:\研究生课程\课题\误报照片收集\视频流白纱\2026-05-06-17-41-19-03-1.jpg","False"
"D:\研究生课程\课题\误报照片收集\视频流白纱\2026-05-06-17-41-19-64-1.jpg","False"
"D:\研究生课程\课题\误报照片收集\视频流白纱\摄像头1\2026-05-05-12-25-18-00-0.jpg","False"
"D:\研究生课程\课题\误报照片收集\视频流白纱\摄像头1\2026-05-05-12-25-19-03-0.jpg","False"
"D:\研究生课程\课题\误报照片收集\视频流白纱\摄像头1\2026-05-05-12-25-19-66-0.jpg","False"
"D:\研究生课程\课题\误报照片收集\视频流白纱\摄像头1\2026-05-06-07-41-05-17-0.jpg","False"
"D:\研究生课程\课题\误报照片收集\视频流白纱\摄像头1\2026-05-06-07-41-06-05-0.jpg","False"
"D:\研究生课程\课题\误报照片收集\视频流白纱\摄像头1\2026-05-06-07-41-07-08-0.jpg","False"
"D:\研究生课程\课题\误报照片收集\视频流白纱\摄像头3\2026-05-06-11-59-07-74-2.jpg","False"
"D:\研究生课程\课题\误报照片收集\视频流白纱\摄像头3\2026-05-06-11-59-08-57-2.jpg","False"
"D:\研究生课程\课题\误报照片收集\视频流白纱\摄像头3\2026-05-06-11-59-09-16-2.jpg","False"
"D:\研究生课程\课题\误报照片收集\视频流白纱\摄像头5\2026-05-03-08-48-06-37-4.jpg","False"
"D:\研究生课程\课题\误报照片收集\视频流白纱\摄像头5\2026-05-03-08-48-07-54-4.jpg","False"
"D:\研究生课程\课题\误报照片收集\视频流白纱\摄像头5\2026-05-03-08-48-08-52-4.jpg","False"
"D:\研究生课程\课题\误报照片收集\DI2_Cam1_2026-03-30_17-14-58-124.jpg","False"
"D:\研究生课程\课题\误报照片收集\DI2_Cam1_2026-05-07_14-27-24-839.jpg","False"
"D:\研究生课程\课题\误报照片收集\DI2_Cam2_2026-03-30_17-14-58-167.jpg","False"
"D:\研究生课程\课题\误报照片收集\DI2_Cam2_2026-05-07_14-27-24-825.jpg","False"
"D:\研究生课程\课题\误报照片收集\DI2_Cam3_2026-03-30_17-14-58-212.jpg","False"
"D:\研究生课程\课题\误报照片收集\DI2_Cam3_2026-05-07_14-27-24-886.jpg","False"
"D:\研究生课程\课题\误报照片收集\DI2_Cam4_2026-03-30_17-14-58-164.jpg","False"
"D:\研究生课程\课题\误报照片收集\DI2_Cam4_2026-05-07_14-27-24-870.jpg","False"
"D:\研究生课程\课题\误报照片收集\DI2_Cam5_2026-03-30_17-14-58-127.jpg","False"
"D:\研究生课程\课题\误报照片收集\DI2_Cam5_2026-05-07_14-27-24-781.jpg","False"
"D:\研究生课程\课题\误报照片收集\DI2_Cam6_2026-03-30_17-14-58-177.jpg","False"
"D:\研究生课程\课题\误报照片收集\DI2_Cam6_2026-05-07_14-27-24-809.jpg","False"
