"file","ground_truth","predicted","raw_result","fallback_view","inference_count"
"D:\研究生课程\课题\色纱研究\现场黑纱样本\黑纱样本以及现场版本\DI2_Cam2_2026-07-18_10-14-15-408.jpg","True","False","-1","","4"
"D:\研究生课程\课题\色纱研究\现场黑纱样本\黑纱样本以及现场版本\DI2_Cam3_2026-07-18_10-11-56-691.jpg","True","False","-1","","4"
"D:\研究生课程\课题\色纱研究\现场黑纱样本\黑纱样本以及现场版本\DI2_Cam3_2026-07-18_10-14-15-409.jpg","True","True","1","","1"
"D:\研究生课程\课题\色纱研究\现场黑纱样本\黑纱样本以及现场版本\DI2_Cam4_2026-07-18_10-11-56-694.jpg","True","False","-1","","4"
"D:\研究生课程\课题\色纱研究\现场黑纱样本\黑纱样本以及现场版本\DI2_Cam4_2026-07-18_10-14-15-405.jpg","True","True","1","","1"
"D:\研究生课程\课题\色纱研究\现场黑纱样本\黑纱样本以及现场版本\DI2_Cam5_2026-07-18_10-11-56-689.jpg","True","False","-1","","4"
"D:\研究生课程\课题\色纱研究\现场黑纱样本\黑纱样本以及现场版本\DI2_Cam5_2026-07-18_10-14-15-402.jpg","True","True","1","","1"
"D:\研究生课程\课题\色纱研究\现场黑纱样本\黑纱样本以及现场版本\DI2_Cam6_2026-07-18_10-11-56-719.jpg","True","False","-1","","4"
"D:\研究生课程\课题\色纱研究\现场黑纱样本\黑纱样本以及现场版本\DI2_Cam6_2026-07-18_10-14-15-407.jpg","True","True","1","","1"
"D:\研究生课程\课题\添加按键拍照功能\纱浆检测\YarnDection\bin\x64\Release\testImages\2024-04-01-21-51-38.jpg","True","True","1","","1"
